epoch,step,train_loss,val_loss
0,49,0.5488331317901611,
0,99,0.828859806060791,
0,149,0.5921854376792908,
0,199,0.47502192854881287,
0,249,0.5306183099746704,
0,283,,0.5233393311500549
