epoch,step,train_loss
0,49,0.2539953291416168
0,99,0.5616940259933472
